{"count":1,"gauges":{"My Behavior.CumulativeReward":{"count":322481,"max":95.09498,"min":-34.095047,"value":75.43268,"weightedAverage":72.88812}},"self":1652.0328192,"total":5755.2314284999993,"children":{"AgentSendState":{"count":10864751,"self":18.0309904,"total":61.287736699999996,"children":{"CollectObservations":{"count":773729,"self":2.5999604,"total":2.5999604,"children":null},"AgentInfo.ToProto":{"count":773729,"self":3.4465695999999997,"total":40.6567856,"children":{"GenerateSensorData":{"count":773729,"self":37.2102144,"total":37.2102158,"children":null}}}}},"DecideAction":{"count":10864751,"self":3983.4693632,"total":3983.4695561,"children":null},"AgentAct":{"count":10864751,"self":49.9345728,"total":49.934574299999994,"children":{"AgentInfo.ToProto":{"count":44,"self":0,"total":0,"children":{"GenerateSensorData":{"count":44,"self":0,"total":0,"children":null}}}}},"AgentInfo.ToProto":{"count":322437,"self":3.2790907999999996,"total":8.5056950999999987,"children":{"GenerateSensorData":{"count":322437,"self":5.2266043999999994,"total":5.2266043,"children":null}}}}}