{"count":1,"gauges":{"My Behavior.CumulativeReward":{"count":5709,"max":100.265,"min":-6194.933,"value":89.485,"weightedAverage":78.22377}},"self":91.2051968,"total":1510.1445922999999,"children":{"AgentSendState":{"count":500001,"self":2.6123486,"total":8.7737319,"children":{"CollectObservations":{"count":500001,"self":1.5511306,"total":1.5511306,"children":null},"AgentInfo.ToProto":{"count":500001,"self":1.9525059999999999,"total":4.6102527,"children":{"GenerateSensorData":{"count":500001,"self":2.6577468,"total":2.6577466999999997,"children":null}}}}},"DecideAction":{"count":500001,"self":1377.5628288,"total":1377.5628078999998,"children":null},"AgentAct":{"count":500001,"self":32.5537856,"total":32.601858,"children":{"AgentInfo.ToProto":{"count":5709,"self":0.026039999999999997,"total":0.048071199999999994,"children":{"GenerateSensorData":{"count":5709,"self":0.022031199999999997,"total":0.022031199999999997,"children":null}}}}}}}