{"count":1,"gauges":{"My Behavior.CumulativeReward":{"count":1547,"max":118.915016,"min":-288.900574,"value":109.25,"weightedAverage":103.75174}},"self":68.1993152,"total":1149.1958276999999,"children":{"AgentSendState":{"count":348334,"self":1.9754007999999998,"total":6.9214061,"children":{"CollectObservations":{"count":348334,"self":1.2019144,"total":1.2019144,"children":null},"AgentInfo.ToProto":{"count":348334,"self":1.7036668,"total":3.7440908999999998,"children":{"GenerateSensorData":{"count":348334,"self":2.040424,"total":2.040424,"children":null}}}}},"DecideAction":{"count":348334,"self":1049.2235776,"total":1049.2235755,"children":null},"AgentAct":{"count":348334,"self":24.8335088,"total":24.850528,"children":{"AgentInfo.ToProto":{"count":1547,"self":0.0060063999999999994,"total":0.0170188,"children":{"GenerateSensorData":{"count":1547,"self":0.0110124,"total":0.0110124,"children":null}}}}}}}