{"count":1,"gauges":{"My Behavior.CumulativeReward":{"count":5198,"max":629.9914,"min":-23.9101963,"value":50.6235046,"weightedAverage":54.06489}},"self":27.170624,"total":116.2719085,"children":{"AgentSendState":{"count":172201,"self":0.3423309,"total":0.6796352,"children":{"CollectObservations":{"count":24345,"self":0.0800767,"total":0.0800767,"children":null},"AgentInfo.ToProto":{"count":24345,"self":0.1090944,"total":0.2572276,"children":{"GenerateSensorData":{"count":24345,"self":0.1481332,"total":0.1481332,"children":null}}}}},"DecideAction":{"count":172201,"self":87.0311808,"total":87.031179,"children":null},"AgentAct":{"count":172201,"self":1.2860954999999998,"total":1.2860954999999998,"children":null},"AgentInfo.ToProto":{"count":5198,"self":0.0533339,"total":0.1033728,"children":{"GenerateSensorData":{"count":5198,"self":0.0500389,"total":0.0500389,"children":null}}}}}