{"count":1,"gauges":{"My Behavior.CumulativeReward":{"count":5,"max":0.826999843,"min":-3.54199815,"value":0.826999843,"weightedAverage":-0.0105483979}},"self":110.961856,"total":114.3766108,"children":{"AgentSendState":{"count":5668,"self":0.0940888,"total":1.0342955999999999,"children":{"CollectObservations":{"count":1134,"self":0.9402068,"total":0.9402068,"children":null}}},"DecideAction":{"count":5668,"self":1.7549683999999999,"total":1.7549685,"children":null},"AgentAct":{"count":5668,"self":0.6244891,"total":0.6244891,"children":null}}}