{"count":1,"gauges":{"My Behavior.CumulativeReward":{"count":1,"max":52.9945679,"min":52.9945679,"value":52.9945679,"weightedAverage":52.9945679}},"self":30.053670399999998,"total":30.114411099999998,"children":{"AgentSendState":{"count":1475,"self":0.0209966,"total":0.032003199999999996,"children":{"CollectObservations":{"count":1178,"self":0.0110066,"total":0.0110066,"children":null}}},"DecideAction":{"count":1475,"self":0.009,"total":0.009,"children":null},"AgentAct":{"count":1475,"self":0.0187355,"total":0.0187355,"children":null}}}