{"count":1,"gauges":{"My Behavior.CumulativeReward":{"count":4,"max":112.14,"min":-90.6058044,"value":63.3803749,"weightedAverage":21.016449}},"self":29.2613664,"total":30.9394992,"children":{"AgentSendState":{"count":1525,"self":0.024035599999999997,"total":0.043054499999999996,"children":{"CollectObservations":{"count":1525,"self":0.0190189,"total":0.0190189,"children":null}}},"DecideAction":{"count":1525,"self":0.0070065,"total":0.0070065,"children":null},"AgentAct":{"count":1525,"self":1.6270692999999998,"total":1.6270692999999998,"children":null}}}