{"count":1,"gauges":{"My Behavior.CumulativeReward":{"count":12,"max":9.04,"min":7.35000134,"value":7.35000134,"weightedAverage":7.85835266}},"self":10.228652799999999,"total":10.834709799999999,"children":{"AgentSendState":{"count":503,"self":0.0100114,"total":0.0110131,"children":{"CollectObservations":{"count":101,"self":0.0010017,"total":0.0010017,"children":null}}},"DecideAction":{"count":503,"self":0.14061579999999999,"total":0.14061579999999999,"children":null},"AgentAct":{"count":503,"self":0.45342649999999995,"total":0.45342649999999995,"children":null}}}