{"count":1,"gauges":{"My Behavior.CumulativeReward":{"count":9,"max":109.06498,"min":100.15,"value":101.095,"weightedAverage":102.603653}},"self":40.806483199999995,"total":40.9025367,"children":{"AgentSendState":{"count":2013,"self":0.034011599999999996,"total":0.055013099999999995,"children":{"CollectObservations":{"count":1732,"self":0.0210015,"total":0.0210015,"children":null}}},"DecideAction":{"count":2013,"self":0.0090095,"total":0.0090095,"children":null},"AgentAct":{"count":2013,"self":0.0310316,"total":0.0310316,"children":null}}}