{"count":1,"gauges":{"My Behavior.CumulativeReward":{"count":57,"max":113.68499,"min":-256.487,"value":106.079994,"weightedAverage":101.872086}},"self":173.0995456,"total":188.3088831,"children":{"AgentSendState":{"count":9293,"self":0.3323141,"total":0.47440899999999997,"children":{"CollectObservations":{"count":9293,"self":0.1420949,"total":0.1420949,"children":null}}},"DecideAction":{"count":9293,"self":10.492586399999999,"total":10.4925866,"children":null},"AgentAct":{"count":9293,"self":4.2413456,"total":4.2413456,"children":null}}}