{"count":1,"gauges":{"My Behavior.CumulativeReward":{"count":1123,"max":9,"min":6.40000248,"value":7.550001,"weightedAverage":8.204796}},"self":752.4414464,"total":805.583995,"children":{"AgentSendState":{"count":40234,"self":0.5904548,"total":0.68577369999999993,"children":{"CollectObservations":{"count":8047,"self":0.0953189,"total":0.0953189,"children":null}}},"DecideAction":{"count":40234,"self":8.5842984,"total":8.5842983,"children":null},"AgentAct":{"count":40234,"self":43.8714784,"total":43.8714799,"children":null}}}