{"count":1,"gauges":{"My Behavior.CumulativeReward":{"count":42,"max":129.980026,"min":1.19864273,"value":109.079994,"weightedAverage":71.91951}},"self":90.9959552,"total":95.176825499999993,"children":{"AgentSendState":{"count":4725,"self":0.1324622,"total":0.1706083,"children":{"CollectObservations":{"count":3560,"self":0.038146099999999995,"total":0.038146099999999995,"children":null}}},"DecideAction":{"count":4725,"self":3.910704,"total":3.9107038,"children":null},"AgentAct":{"count":4725,"self":0.0985586,"total":0.0985586,"children":null}}}