{"count":1,"gauges":{},"self":9.3012471999999988,"total":9.3242692,"children":{"AgentSendState":{"count":434,"self":0.0110102,"total":0.0140138,"children":{"CollectObservations":{"count":351,"self":0.0030036,"total":0.0030036,"children":null}}},"DecideAction":{"count":434,"self":0.0020025999999999998,"total":0.0020025999999999998,"children":null},"AgentAct":{"count":434,"self":0.006005,"total":0.006005,"children":null}}}