{"count":1,"gauges":{"My Behavior.CumulativeReward":{"count":4,"max":112.9601,"min":103.884331,"value":105.28,"weightedAverage":108.123528}},"self":23.7882832,"total":25.8012072,"children":{"AgentSendState":{"count":1254,"self":0.0528525,"total":0.0748692,"children":{"CollectObservations":{"count":1254,"self":0.0220167,"total":0.0220167,"children":null}}},"DecideAction":{"count":1254,"self":1.4390098,"total":1.4390098,"children":null},"AgentAct":{"count":1254,"self":0.49804479999999995,"total":0.49804479999999995,"children":null}}}