{"count":1,"gauges":{"My Behavior.CumulativeReward":{"count":599,"max":89.2999954,"min":-4814.94336,"value":-20.8049545,"weightedAverage":10.2045774}},"self":1820.0143871999999,"total":2020.9221521,"children":{"AgentSendState":{"count":101020,"self":3.950516,"total":5.3365849,"children":{"CollectObservations":{"count":101020,"self":1.3860687999999999,"total":1.3860687999999999,"children":null}}},"DecideAction":{"count":101020,"self":113.15363839999999,"total":113.1536398,"children":null},"AgentAct":{"count":101020,"self":82.416512,"total":82.4165142,"children":null}}}