{"count":1,"gauges":{"My Behavior.CumulativeReward":{"count":15135,"max":8.95,"min":-79.99953,"value":2.5499897,"weightedAverage":6.69696331}},"self":382.2180608,"total":1971.1380812999998,"children":{"AgentSendState":{"count":2500134,"self":5.1683144,"total":12.5101141,"children":{"CollectObservations":{"count":500027,"self":1.4502283999999999,"total":1.4502283999999999,"children":null},"AgentInfo.ToProto":{"count":500027,"self":1.8624756,"total":5.8915712,"children":{"GenerateSensorData":{"count":500027,"self":4.0290956,"total":4.0290957,"children":null}}}}},"DecideAction":{"count":2500134,"self":1506.4886271999999,"total":1506.4886557999998,"children":null},"AgentAct":{"count":2500134,"self":69.7111552,"total":69.920253899999992,"children":{"AgentInfo.ToProto":{"count":15135,"self":0.0779859,"total":0.2091004,"children":{"GenerateSensorData":{"count":15135,"self":0.1311145,"total":0.1311145,"children":null}}}}}}}