{"count":1,"gauges":{"My Behavior.CumulativeReward":{"count":26873,"max":9.05,"min":-79.79953,"value":7.45000124,"weightedAverage":7.809675}},"self":284.8663808,"total":1567.2656422999999,"children":{"AgentSendState":{"count":1868751,"self":4.022012,"total":10.049016,"children":{"CollectObservations":{"count":373751,"self":1.1766876,"total":1.1766876,"children":null},"AgentInfo.ToProto":{"count":373751,"self":1.6083314,"total":4.8503162999999994,"children":{"GenerateSensorData":{"count":373751,"self":3.2419848,"total":3.2419849,"children":null}}}}},"DecideAction":{"count":1868751,"self":1174.221824,"total":1174.2218324,"children":null},"AgentAct":{"count":1868751,"self":97.8311872,"total":98.1274184,"children":{"AgentInfo.ToProto":{"count":26873,"self":0.113092,"total":0.29623309999999997,"children":{"GenerateSensorData":{"count":26873,"self":0.1831411,"total":0.1831411,"children":null}}}}}}}