{"count":1,"gauges":{"My Behavior.CumulativeReward":{"count":1136,"max":1,"min":-97.21475,"value":0.9,"weightedAverage":-0.513497233}},"self":696.91617279999991,"total":2445.9378493,"children":{"AgentSendState":{"count":2500067,"self":6.7785768,"total":50.546170599999996,"children":{"CollectObservations":{"count":500014,"self":30.613507199999997,"total":30.6135058,"children":null},"AgentInfo.ToProto":{"count":500014,"self":2.3593319999999998,"total":13.1540881,"children":{"GenerateSensorData":{"count":500014,"self":10.794756,"total":10.794756099999999,"children":null}}}}},"DecideAction":{"count":2500067,"self":1540.0010751999998,"total":1540.0011255,"children":null},"AgentAct":{"count":2500067,"self":158.4533248,"total":158.47336529999998,"children":{"AgentInfo.ToProto":{"count":1136,"self":0.0090118,"total":0.020044199999999998,"children":{"GenerateSensorData":{"count":1136,"self":0.0110324,"total":0.0110324,"children":null}}}}}}}