{"count":1,"gauges":{"BehaviourScreenPos.CumulativeReward":{"count":500899,"max":10,"min":-8880.974,"value":9.5,"weightedAverage":9.096317}},"self":980.2100736,"total":4424.2811501,"children":{"AgentSendState":{"count":5000051,"self":10.5631072,"total":16.4907718,"children":{"CollectObservations":{"count":500006,"self":0.55344949999999993,"total":0.55344949999999993,"children":null},"AgentInfo.ToProto":{"count":500006,"self":2.4635067999999998,"total":5.3742149999999995,"children":{"GenerateSensorData":{"count":500006,"self":2.910708,"total":2.9107081,"children":null}}}}},"DecideAction":{"count":5000051,"self":3221.4671359999998,"total":3221.4671564,"children":null},"AgentAct":{"count":5000051,"self":200.99285759999998,"total":206.11218399999998,"children":{"AgentInfo.ToProto":{"count":500899,"self":2.4836704,"total":5.119331,"children":{"GenerateSensorData":{"count":500899,"self":2.6356607999999997,"total":2.6356607,"children":null}}}}}}}