{"count":1,"gauges":{},"self":4.1928095999999995,"total":4.1988161999999996,"children":{"AgentSendState":{"count":200,"self":0.0020033,"total":0.0030042,"children":{"CollectObservations":{"count":40,"self":0.0010008999999999999,"total":0.0010008999999999999,"children":null}}},"DecideAction":{"count":200,"self":0,"total":0,"children":null},"AgentAct":{"count":200,"self":0.0010000999999999999,"total":0.0010000999999999999,"children":null}}}